product,price
Product 1,1195
Product 2,990
Product 3,0
Product 4,0
Product 5,495
Product 6,0
Product 7,1195
Product 8,990
Product 9,1690
Product 10,1050
Product 11,1690
Product 12,1050
Product 13,300
Product 14,300
Product 15,300
Product 16,1195
Product 17,990
Product 18,1195
Product 19,990
Product 20,1195
Product 21,990
Product 22,390
Product 23,430
Product 24,0
Product 25,1195
Product 26,990
Product 27,1195
Product 28,990
Product 29,590
Product 30,590
Product 31,1690
Product 32,1050
Product 33,1195
Product 34,990
Product 35,1195
Product 36,990
Product 37,1195
Product 38,990
Product 39,1195
Product 40,990
Product 41,1195
Product 42,990
Product 43,440
Product 44,1190
Product 45,990
Product 46,1190
Product 47,990
Product 48,275
Product 49,1995
Product 50,990
Product 51,20
Product 52,0
Product 53,495
Product 54,1690
Product 55,1050
Product 56,540
Product 57,0
Product 58,1690
Product 59,1050
Product 60,1995
Product 61,990
Product 62,1995
Product 63,990
Product 64,1195
Product 65,990
Product 66,1690
Product 67,1050
Product 68,1690
Product 69,1050
Product 70,1195
Product 71,990
Product 72,0
Product 73,390
Product 74,1195
Product 75,990
Product 76,1690
Product 77,1050
Product 78,1690
Product 79,1050
Product 80,1690
Product 81,1050
Product 82,99
Product 83,300
Product 84,300
Product 85,300
Product 86,300
Product 87,1690
Product 88,1050
Product 89,390
Product 90,1190
Product 91,990
Product 92,300
Product 93,1195
Product 94,990
